gender,SeniorCitizen,Partner,Dependents,tenure,MultipleLines,InternetService,OnlineSecurity,OnlineBackup,DeviceProtection,TechSupport,StreamingTV,StreamingMovies,Contract,PaperlessBilling,PaymentMethod,MonthlyCharges,Churn
7043.0,7043.0,7043.0,7043.0,7043.0,7043.0,7043.0,7043.0,7043.0,7043.0,7043.0,7043.0,7043.0,7043.0,7043.0,7043.0,7043.0,7043.0
0.504756495811444,0.1621468124378816,0.4830327985233565,0.2995882436461735,32.37114865824223,0.9405083061195513,0.8729234701121681,0.7900042595484879,0.906431918216669,0.9044441289223343,0.797103507028255,0.9853755501916797,0.9924747976714469,0.6904728098821525,0.5922192247621753,1.574329121113162,64.76169246059918,0.2653698707936959
0.5000128736471514,0.3686116056100131,0.49974751071998735,0.45811016751001526,24.55948102309446,0.9485540334470453,0.7377963405848541,0.8598475043518828,0.8801624706484423,0.8799488523681204,0.8615505621474112,0.8850018638488102,0.8850907112876594,0.8337552328756322,0.49145692404940683,1.0681040055096733,30.090047097678493,0.441561305121947
0.0,0.0,0.0,0.0,0.0,0.0,0.0,0.0,0.0,0.0,0.0,0.0,0.0,0.0,0.0,0.0,18.25,0.0
0.0,0.0,0.0,0.0,9.0,0.0,0.0,0.0,0.0,0.0,0.0,0.0,0.0,0.0,0.0,1.0,35.5,0.0
1.0,0.0,0.0,0.0,29.0,1.0,1.0,1.0,1.0,1.0,1.0,1.0,1.0,0.0,1.0,2.0,70.35,0.0
1.0,0.0,1.0,1.0,55.0,2.0,1.0,2.0,2.0,2.0,2.0,2.0,2.0,1.0,1.0,2.0,89.85,1.0
1.0,1.0,1.0,1.0,72.0,2.0,2.0,2.0,2.0,2.0,2.0,2.0,2.0,2.0,1.0,3.0,118.75,1.0
